user_id,condition,group
25659,control,A
7509,experimental,B
25674,control,B
25686,experimental,A
25687,control,A
7383,experimental,A
25688,experimental,A
7208,experimental,A
26011,control,B
7505,experimental,A
7504,experimental,B
26024,experimental,B
26023,control,B
26022,experimental,B
26021,experimental,A
7420,experimental,B
26086,control,A
26087,experimental,B
26245,control,B
26246,experimental,B
26258,control,A
6922,control,B
26257,control,B
26256,control,B
8059,control,B
26269,experimental,B
26268,control,A
26279,experimental,B
10224,control,B
7875,experimental,A
6805,experimental,B
5379,experimental,B
26473,experimental,B
7559,control,A
26480,control,A
26485,control,B
26486,control,B
26502,control,A
6915,experimental,B
7434,control,A
5948,experimental,B
26989,experimental,B
26997,experimental,A
26995,control,B
26996,control,B
7190,experimental,A
7556,control,B
27005,control,B
27010,control,B
7553,experimental,A
27025,control,A
27026,experimental,B
43021,control,B
43022,control,B
43023,control,A
43024,experimental,B
43028,experimental,A
43029,control,A
43026,experimental,B
43031,experimental,A
43032,experimental,A
43033,control,A
43036,experimental,B
43035,control,B
43037,experimental,B
43038,control,A
43039,control,B
43046,control,A
43048,experimental,A
43045,control,B
43055,experimental,B
43053,experimental,A
43056,control,A
43054,experimental,B
43058,experimental,B
43059,control,A
43057,control,B
43060,experimental,B
43062,experimental,A
43068,control,A
43070,control,A
43069,control,B
43076,experimental,A
43075,control,A
43074,experimental,A
43137,control,B
43140,experimental,A
43138,experimental,B
43139,control,A
43147,experimental,A
43144,experimental,B
43145,control,A
43146,experimental,B
43151,experimental,A
43153,experimental,B
43150,control,B
43152,control,B
43158,experimental,B
43159,control,B
43160,control,B
43170,experimental,A
43172,experimental,B
43168,control,B
43169,control,B
43437,control,B
43506,experimental,B
43505,experimental,A
43507,control,B
43574,control,A
43655,experimental,A
45202,control,B
45217,control,B
45247,control,A
45370,control,A
45839,experimental,A
45840,experimental,B
45853,experimental,A
45862,experimental,B
45864,control,A
45865,control,A
45863,experimental,B
45877,experimental,A
45874,control,A
45873,control,A
45910,experimental,A
45913,experimental,B
45909,experimental,B
45914,experimental,B
46117,experimental,B
46118,control,A
46132,control,A
46139,experimental,A
46589,experimental,A
46591,control,A
46588,experimental,B
46590,control,A
46597,experimental,B
46598,experimental,B
46599,experimental,A
46604,experimental,A
46605,control,A
46610,experimental,B
46621,experimental,A
46622,experimental,A
46623,control,B
46712,experimental,B
46711,experimental,A
46720,control,B
46736,control,B
46741,experimental,A
46740,experimental,B
46828,control,B
46826,experimental,B
46829,control,B
46844,experimental,B
46846,control,B
46845,experimental,B
46848,experimental,A
46849,control,B
46854,control,B
46856,control,B
46855,control,B
46857,control,A
46864,control,B
46865,experimental,A
46966,control,A
46967,experimental,A
46968,experimental,B
46980,experimental,A
46982,experimental,B
46979,control,A
46981,control,B
46993,control,B
46995,experimental,A
46994,experimental,B
46996,experimental,B
47013,experimental,B
47012,control,A
47011,experimental,B
47021,experimental,B
47149,control,B
47652,control,B
47663,control,A
47805,experimental,B
47799,control,B
47792,control,B
47820,experimental,A
47793,experimental,B
47796,experimental,B
47816,experimental,A
47810,control,B
47818,control,A
47794,control,A
47813,control,A
47790,control,A
47812,control,B
47800,control,B
47821,control,B
47801,experimental,A
47819,control,B
47802,control,A
47815,experimental,B
47804,control,A
47811,experimental,A
47817,control,A
47806,control,B
47807,control,A
47814,control,B
47791,control,A
47809,control,B
47795,experimental,A
47797,control,B
47788,control,B
47798,experimental,A
47789,experimental,A
47822,experimental,B
47942,experimental,A
47939,experimental,B
47936,experimental,A
47933,experimental,A
47945,control,A
47938,control,B
47918,experimental,A
47931,experimental,A
47916,experimental,B
47937,control,A
47917,control,B
47914,experimental,A
47932,control,B
47935,control,A
47929,control,B
47927,experimental,A
47943,experimental,B
47919,control,B
47922,experimental,A
47921,control,A
47946,experimental,B
47920,experimental,B
47925,control,A
47934,control,B
47915,control,A
47923,control,A
47926,control,A
47928,experimental,B
47941,experimental,B
47947,control,A
47940,control,A
48861,experimental,B
48924,experimental,A
51133,control,B
51144,experimental,A
51134,experimental,B
51156,control,B
50870,experimental,A
51151,experimental,A
51161,control,B
51146,experimental,A
51159,control,B
51140,experimental,B
51141,control,A
51154,experimental,A
51136,experimental,A
51152,control,A
51135,experimental,A
51142,control,A
51155,control,B
51162,experimental,A
51157,experimental,A
51147,experimental,A
51139,control,B
7978,experimental,A
51150,control,A
51137,control,B
51148,control,B
51138,experimental,B
51163,experimental,A
51164,experimental,B
51149,experimental,B
51145,control,A
51158,experimental,A
51143,control,A
51153,experimental,A
51377,experimental,B
51395,experimental,B
51388,experimental,B
51385,experimental,B
51386,experimental,B
51384,experimental,B
51374,experimental,B
51392,experimental,A
51370,control,A
51399,experimental,A
51375,experimental,A
51402,control,A
51380,control,A
51373,experimental,A
51393,control,B
51372,experimental,B
51398,control,A
51389,experimental,A
51391,experimental,B
51382,control,A
51378,control,A
51379,experimental,A
51368,control,A
51381,control,B
51387,control,B
51394,control,A
51396,experimental,A
51397,control,B
51371,experimental,A
51390,control,B
51401,experimental,B
51504,control,B
51500,control,A
51503,experimental,A
51517,control,B
51523,control,A
51521,experimental,A
51511,experimental,B
51501,control,B
51527,control,A
51505,experimental,A
51509,experimental,B
51524,experimental,A
51502,control,B
51525,control,A
51506,control,B
51515,experimental,A
51513,experimental,A
51514,control,B
51510,experimental,A
51507,control,B
51508,control,A
51516,experimental,A
51526,experimental,B
51519,control,B
51529,experimental,A
51530,control,B
51522,control,A
51512,experimental,A
51518,experimental,B
51528,control,B
51531,experimental,B
51555,control,B
51539,experimental,A
51546,control,A
51547,control,B
51553,experimental,B
51542,control,A
51543,control,B
51559,control,A
51544,control,B
51538,control,B
51541,control,A
51562,experimental,B
51561,experimental,B
51554,control,B
51563,experimental,B
51548,experimental,A
51564,experimental,A
51558,experimental,A
51545,experimental,B
51560,experimental,A
51549,experimental,B
51551,control,B
51540,experimental,B
51565,experimental,A
51557,experimental,A
51552,control,A
51550,experimental,A
51718,control,A
51722,control,A
51720,control,B
47924,experimental,A
47930,experimental,B
51721,experimental,A
51716,experimental,B
51719,control,B
51736,experimental,A
51737,control,B
51732,control,A
51739,experimental,B
51742,control,B
51757,control,B
51754,control,B
42468,experimental,A
51752,experimental,A
51734,experimental,A
51751,control,B
51758,experimental,A
51733,experimental,A
51759,experimental,A
51747,experimental,A
51744,control,A
51760,experimental,A
51749,experimental,A
51730,control,A
51731,control,B
51741,experimental,A
51748,experimental,A
51755,experimental,B
51750,control,B
51738,experimental,B
51743,experimental,A
51746,experimental,B
51745,control,B
51735,experimental,A
51740,experimental,A
51764,control,B
46827,experimental,B
50177,experimental,B
51756,experimental,A
51762,experimental,B
51753,control,B
50982,control,B
51796,experimental,B
51808,experimental,B
51817,control,A
51806,control,B
51821,experimental,A
51820,experimental,B
51812,experimental,A
51793,control,A
74976,control,B
51816,experimental,B
51815,control,B
51822,experimental,B
51811,experimental,A
51801,control,A
51809,experimental,A
51794,experimental,A
10523,control,A
51819,experimental,B
51795,control,B
51798,control,B
51814,experimental,A
51803,experimental,A
51802,experimental,A
51799,control,A
51826,control,B
51804,control,A
47944,control,B
51800,experimental,A
51807,experimental,A
51810,control,A
51805,experimental,B
51824,experimental,B
51813,control,B
51823,control,A
74708,experimental,A
74714,control,A
74814,experimental,B
74813,experimental,A
74819,experimental,B
74818,control,A
74827,control,B
74841,experimental,B
74843,control,B
74837,experimental,B
74844,experimental,A
74828,experimental,A
74836,experimental,A
74842,experimental,A
71265,experimental,A
74830,control,A
74849,experimental,A
74835,experimental,A
74831,experimental,B
74834,experimental,A
74839,experimental,B
74825,control,A
74851,control,A
74840,control,B
74833,experimental,A
74826,control,B
74846,experimental,A
74838,control,B
74829,control,B
74832,experimental,A
74848,experimental,A
74850,experimental,B
74856,experimental,B
74878,experimental,B
74881,experimental,A
74880,control,A
74879,experimental,B
74967,experimental,B
72335,control,A
74975,control,B
75109,control,A
75123,control,B
75124,experimental,B
75125,control,B
75333,control,A
75329,control,A
75332,experimental,B
75330,experimental,B
75336,experimental,A
75335,experimental,B
75337,experimental,B
51761,experimental,A
75334,control,A
75328,experimental,B
7019,control,B
80551,experimental,B
47710,experimental,B
80949,experimental,A
47994,experimental,A
80978,experimental,B
81202,control,B
128445,control,A
128443,experimental,B
128453,control,B
128634,control,B
128637,experimental,B
128655,control,B
128656,experimental,B
128690,control,A
128847,experimental,B
128858,experimental,A
128866,control,A
128873,control,B
106409,experimental,A
128876,control,B
128890,control,A
129139,control,B
107248,experimental,B
129165,experimental,A
130023,control,A
130040,control,B
130042,control,A
130041,experimental,B
130319,experimental,B
106385,control,A
130342,control,B
130345,experimental,A
130579,control,A
130582,control,B
130773,control,A
130779,control,A
131614,control,B
131624,control,B
131623,experimental,B
131664,experimental,B
131647,experimental,B
131662,experimental,A
131653,control,A
131661,experimental,B
131673,experimental,A
131663,control,A
131655,experimental,B
106378,control,B
131667,experimental,A
131650,control,B
131670,experimental,A
131654,control,B
131656,control,B
131658,experimental,A
131671,control,A
131666,experimental,B
131665,experimental,B
131645,control,B
131651,control,B
131649,control,A
131648,experimental,B
108708,experimental,B
131644,experimental,A
131669,control,B
131657,control,A
131652,control,B
131659,experimental,A
131668,experimental,A
131798,experimental,A
131810,control,B
131811,experimental,B
131818,experimental,B
131819,control,A
131835,control,B
131968,experimental,A
131976,control,B
131991,experimental,A
132062,experimental,A
132068,experimental,A
106157,experimental,B
132073,experimental,A
132055,experimental,A
132066,experimental,A
132074,experimental,A
132077,control,A
132063,control,A
132078,control,A
132080,experimental,A
132065,control,A
132072,experimental,A
132081,experimental,B
132076,experimental,B
106151,experimental,B
132097,experimental,A
132260,experimental,B
132275,control,A
132433,control,B
132429,control,B
108983,experimental,B
109010,experimental,A
132435,control,A
106397,experimental,A
132432,experimental,A
108949,control,B
108961,control,A
132434,control,B
132436,experimental,A
115036,control,B
132431,control,B
132442,control,B
132440,experimental,A
132470,control,A
132477,experimental,B
107613,control,A
132472,experimental,A
132480,control,B
132479,control,B
132483,control,B
132481,experimental,B
132475,control,A
106660,experimental,B
132474,experimental,A
132476,experimental,A
132473,experimental,A
132482,experimental,B
132491,control,B
136096,experimental,B
136103,experimental,B
136094,experimental,A
106549,experimental,B
107273,control,A
136099,experimental,A
107262,control,A
136088,control,A
107272,control,B
136093,experimental,B
136087,control,B
136101,experimental,B
108977,control,B
136104,control,B
136092,control,A
136090,control,B
107249,control,A
136091,experimental,B
108974,experimental,B
136097,control,A
136095,experimental,A
136100,experimental,B
136089,control,B
71253,experimental,B
136105,experimental,A
136102,control,B
136106,control,B
136256,experimental,B
106145,experimental,A
136260,control,B
136257,control,B
136270,control,A
136267,experimental,A
136265,experimental,A
136259,experimental,A
136269,control,B
136268,experimental,A
136262,experimental,B
106387,control,B
136264,control,A
136266,control,B
136258,experimental,B
106518,control,B
106380,control,A
136261,experimental,A
136263,experimental,B
173125,control,A
173124,control,A
173134,control,A
173135,experimental,A
173152,experimental,A
173151,control,B
173150,control,A
173159,experimental,A
173156,control,B
173357,control,B
173362,control,B
173358,control,A
173361,control,B
173360,control,A
173377,experimental,B
173374,experimental,A
173375,control,B
173373,control,A
173376,experimental,A
173398,control,B
173399,experimental,B
173403,control,B
173397,control,B
173400,experimental,B
173677,control,A
173679,experimental,B
173684,control,B
173688,experimental,B
173686,experimental,B
173685,experimental,A
173687,control,B
173701,experimental,B
173706,experimental,B
173705,control,B
173707,control,A
173917,control,A
173915,experimental,A
173919,experimental,A
173916,experimental,A
173920,experimental,A
173940,experimental,A
173942,control,A
173943,experimental,A
173945,control,B
173976,control,B
173978,experimental,B
173977,control,B
173987,experimental,B
175059,control,B
175058,experimental,B
175061,control,B
175069,control,B
175070,control,A
175073,experimental,B
175071,control,B
175113,control,B
175107,control,A
175112,control,B
175111,control,B
175108,control,A
175316,experimental,A
175323,control,A
175317,control,B
175322,control,B
175321,experimental,B
175335,control,B
175336,experimental,B
175338,experimental,B
175340,control,A
175337,experimental,B
175367,control,A
175368,experimental,A
175370,control,B
106641,control,A
175558,experimental,B
175561,experimental,B
175559,control,A
175560,experimental,A
175572,experimental,A
175570,experimental,A
175569,experimental,A
175583,control,B
175585,control,A
175584,experimental,A
175586,experimental,A
175717,experimental,A
144383,experimental,A
175718,control,A
175720,control,A
175731,control,A
175734,experimental,B
175733,experimental,A
175748,experimental,A
175751,experimental,B
175752,control,A
175756,control,B
176500,control,A
176502,experimental,B
176503,control,B
176550,control,A
176546,control,A
176551,control,B
176552,control,A
176549,control,A
176572,control,A
176571,experimental,B
176573,experimental,A
176795,experimental,A
176794,experimental,B
176800,experimental,A
176796,experimental,A
176812,control,A
176519,control,A
176840,control,B
176839,experimental,B
177044,control,A
177038,control,B
177042,experimental,A
177043,experimental,B
177040,experimental,B
177053,control,A
177057,experimental,A
177055,control,B
177058,experimental,A
177061,control,B
177082,control,B
177086,control,B
177090,control,A
176232,experimental,B
177268,experimental,A
177278,experimental,A
177280,experimental,B
177300,experimental,B
177237,control,B
177297,experimental,A
177298,experimental,B
177885,control,B
177257,control,B
177884,control,A
177898,control,A
177897,control,B
108335,experimental,A
177925,control,B
177926,control,B
107576,experimental,B
177928,experimental,A
178089,experimental,B
178088,control,B
178086,control,A
178087,control,A
178111,experimental,B
178110,experimental,B
178109,experimental,B
178108,control,A
176543,experimental,A
178244,control,A
178245,experimental,A
177246,control,B
178246,control,A
178251,control,A
178258,experimental,A
178256,control,A
178259,experimental,B
178257,experimental,A
177260,control,A
178274,control,B
178276,experimental,B
178364,control,B
178366,experimental,A
178373,experimental,A
178375,control,B
178370,control,A
178371,experimental,B
178372,experimental,B
178392,experimental,B
178389,experimental,B
178388,experimental,A
178398,experimental,B
178390,control,A
179259,experimental,A
179040,control,A
180078,control,B
236277,experimental,B
236279,control,B
236280,control,A
236281,experimental,A
236284,control,A
236292,experimental,A
236300,experimental,B
236299,experimental,B
236301,control,A
236463,experimental,B
236480,experimental,B
236481,control,B
236476,experimental,B
236477,experimental,A
236497,control,B
236492,experimental,A
236527,control,A
236528,control,A
236526,experimental,A
236525,experimental,A
236680,control,A
236677,experimental,A
236681,experimental,B
236678,control,B
236676,control,A
236689,experimental,A
236690,experimental,A
236688,control,B
236687,control,B
236700,experimental,B
236706,control,B
236705,experimental,A
236699,experimental,B
236708,experimental,B
236720,experimental,B
236724,control,B
236723,experimental,A
236717,experimental,A
236855,experimental,B
236854,control,A
236871,control,B
236870,control,A
236872,experimental,A
236869,experimental,A
236874,experimental,B
237545,control,B
237542,control,B
237544,experimental,B
237543,control,A
237554,experimental,A
237559,experimental,B
237572,control,A
237573,experimental,B
237586,control,A
237585,experimental,A
237584,control,B
237756,control,A
237758,experimental,A
237757,control,B
237768,control,B
237769,experimental,A
237773,experimental,A
237779,experimental,A
237798,control,A
237800,experimental,B
237807,control,A
237808,control,A
238134,control,B
238136,experimental,B
238146,experimental,A
238149,control,A
238148,control,A
238151,experimental,B
238156,control,A
238155,experimental,A
238153,control,B
238152,control,B
238174,control,B
238172,control,A
238181,control,B
238179,control,B
238185,experimental,B
238384,experimental,B
238393,control,A
238392,experimental,B
238395,control,B
238394,experimental,A
236465,control,B
237555,control,A
238137,experimental,B
238385,control,A
238383,control,A
237575,control,A
241155,control,A
241169,control,A
241154,experimental,B
241156,control,B
241179,experimental,A
241186,control,A
241191,control,A
241187,control,A
241188,control,A
241219,experimental,A
241222,experimental,A
241226,control,B
241224,experimental,B
241236,experimental,B
241232,experimental,A
241233,experimental,B
241231,control,B
241235,control,A
241350,control,B
241352,control,B
241201,experimental,B
241351,control,B
241353,experimental,A
241357,experimental,A
241364,experimental,A
241359,control,A
241361,experimental,B
241360,experimental,B
241373,control,B
241372,experimental,A
241370,control,B
241376,experimental,B
241378,experimental,A
241379,experimental,B
241377,experimental,B
241514,control,B
241518,control,A
241513,experimental,A
241515,control,B
241512,control,A
241529,control,B
241531,control,B
241533,control,B
241540,experimental,A
241538,experimental,B
241541,experimental,B
241539,experimental,A
241537,control,A
239628,experimental,B
241562,control,A
241742,control,B
241555,experimental,B
241741,control,A
241743,control,A
241735,experimental,A
241766,control,A
241767,control,B
239627,experimental,B
239636,control,B
241782,experimental,B
241779,experimental,A
242305,experimental,B
242307,control,A
242324,experimental,A
242308,control,B
242331,control,A
242330,control,B
242329,control,A
242332,experimental,A
242340,experimental,B
242349,control,A
242350,experimental,B
242352,control,A
239462,control,A
239634,experimental,B
242501,experimental,A
242500,control,A
242659,experimental,B
242666,control,A
242662,experimental,B
242660,experimental,B
242694,experimental,A
242702,control,B
242695,control,B
242693,experimental,A
242696,control,A
241732,experimental,A
242711,control,A
241162,experimental,A
242714,experimental,A
242730,control,B
242733,experimental,B
242731,experimental,A
242735,experimental,A
242734,control,B
242987,control,A
242990,control,B
243004,experimental,A
243003,control,B
243005,control,A
243006,experimental,A
243008,experimental,A
243021,experimental,B
243024,experimental,A
241211,experimental,B
239436,control,A
239619,control,B
241175,experimental,A
259804,experimental,A
259913,experimental,A
259990,experimental,B
259999,control,A
260253,control,B
260362,experimental,A
260794,control,A
260947,control,A
261480,experimental,B
261660,experimental,A
261689,control,B
261691,control,B
261693,experimental,B
261695,control,A
241174,experimental,B
261700,experimental,A
261688,experimental,B
241755,experimental,A
261694,control,B
261699,control,B
261687,control,A
245000,experimental,B
261690,experimental,A
261696,experimental,B
261697,control,B
261698,experimental,A
261701,experimental,B
261734,control,A
261810,experimental,B
261849,control,A
261832,experimental,B
261828,control,B
239431,experimental,B
261848,experimental,B
261835,control,A
261842,control,A
261841,experimental,B
261847,control,A
261833,control,A
261829,control,A
261826,experimental,A
241761,experimental,B
261851,control,A
261831,experimental,B
261844,experimental,A
261839,experimental,B
261834,experimental,A
261827,control,B
261837,control,B
261850,experimental,A
261843,control,A
241730,control,B
261846,control,A
261845,control,B
261830,experimental,A
261838,control,A
239426,control,A
261875,control,A
239456,control,B
261874,experimental,B
261891,control,B
239435,experimental,A
239446,experimental,A
239424,experimental,B
239450,experimental,B
241738,experimental,B
239454,control,A
261887,control,B
261889,control,A
261885,control,A
239458,experimental,B
261890,control,B
239445,experimental,A
239434,experimental,A
261877,experimental,A
261886,experimental,A
261888,control,B
261884,control,A
261871,experimental,A
261872,control,A
261868,experimental,A
261880,control,A
261883,experimental,B
261894,control,B
261865,control,A
261882,control,A
239453,experimental,B
261881,control,B
239432,control,A
239430,experimental,B
261879,experimental,A
261878,control,B
261876,control,B
261893,control,B
239461,experimental,B
261904,control,A
261990,control,B
239618,experimental,B
241384,control,A
262005,experimental,B
262008,control,A
261998,experimental,B
261996,control,B
262002,experimental,A
262000,experimental,B
262009,control,A
239639,experimental,A
261999,control,B
261997,experimental,A
262013,control,B
262010,experimental,B
262006,experimental,B
239642,experimental,B
262007,control,B
262001,experimental,B
262012,control,B
239635,experimental,A
239613,control,A
262003,control,B
262049,experimental,B
262135,experimental,B
262144,experimental,B
262153,control,A
262204,experimental,B
262244,control,B
262252,experimental,B
262529,control,A
262614,control,B
262615,experimental,A
262654,experimental,A
262672,experimental,A
183986,experimental,B
104850,control,A
263369,control,B
263378,experimental,A
262890,control,B
264453,experimental,A
265069,control,A
265263,control,A
265753,experimental,B
266256,experimental,A
266288,control,B
267066,control,B
267202,control,A
267235,experimental,A
267265,experimental,B
267076,control,B
267604,experimental,A
267610,experimental,A
267676,experimental,B
267908,experimental,B
267939,control,A
268003,control,B
268022,control,B
268039,experimental,A
268308,control,B
268680,experimental,A
268691,control,A
268823,experimental,A
394496,experimental,A
395443,control,A
395444,control,A
395453,control,A
395467,experimental,A
395466,control,B
395468,control,B
395728,control,B
395757,experimental,B
395777,experimental,B
395772,experimental,B
395776,experimental,A
395779,experimental,A
395788,control,B
395786,control,B
396026,control,A
396030,experimental,A
396027,control,B
396040,experimental,B
396041,experimental,B
396050,control,B
396052,experimental,B
396054,experimental,B
396051,control,B
396064,control,A
396063,control,A
396065,control,B
396129,control,B
396239,experimental,A
396244,control,B
396991,experimental,A
396993,experimental,A
397000,control,B
397149,control,B
397168,experimental,B
397169,control,B
397187,experimental,B
397171,control,B
397401,experimental,A
397411,control,B
397413,experimental,B
397462,control,B
397459,experimental,A
397451,control,B
397455,experimental,A
397663,control,B
397661,control,A
397660,control,A
397670,experimental,A
397715,control,B
398195,control,A
398457,experimental,A
398458,experimental,A
398461,experimental,B
398462,experimental,B
398474,experimental,B
398648,experimental,B
398645,control,A
398647,experimental,A
398671,experimental,B
398674,experimental,B
398673,experimental,B
398672,experimental,B
398678,control,B
398681,control,A
398877,control,B
398882,experimental,A
398885,experimental,A
398890,control,B
398902,experimental,A
398905,control,A
398903,control,A
398904,control,B
398916,control,B
398917,experimental,B
398918,experimental,A
399049,experimental,B
399054,control,B
399059,experimental,A
399055,control,A
399069,experimental,B
399915,control,B
400081,experimental,B
400091,control,A
400288,experimental,A
400312,control,A
400317,experimental,A
400480,experimental,B
400484,control,B
400693,experimental,A
466937,experimental,B
466953,experimental,B
466954,control,A
466958,control,B
466959,control,A
466961,control,B
466963,control,A
466964,experimental,B
466965,control,A
466968,control,B
466250,experimental,B
466971,control,A
466978,experimental,B
466979,experimental,B
466998,experimental,B
466913,experimental,A
467030,control,B
467032,control,A
467033,experimental,B
467056,experimental,B
467057,experimental,B
467064,control,A
467065,experimental,A
467068,control,A
457579,control,A
424306,control,B
467098,control,B
467111,experimental,B
467119,control,B
467121,experimental,A
467122,control,A
467123,experimental,A
467127,control,B
467126,control,A
467125,experimental,A
467129,experimental,A
466966,control,B
467132,control,A
466969,control,B
467133,control,B
467135,control,A
467136,experimental,A
467138,control,B
467137,experimental,B
467141,control,A
467143,experimental,B
467149,control,A
467150,control,B
467156,control,A
467162,experimental,A
467160,experimental,A
467159,control,B
467187,control,B
467194,experimental,B
467205,control,B
467234,control,A
467251,control,B
467282,control,B
467290,experimental,A
466997,experimental,B
467299,control,B
467306,control,A
467309,experimental,B
467312,experimental,A
467322,experimental,B
467333,experimental,A
467345,control,A
467348,control,B
467355,control,B
467383,experimental,B
467405,control,A
467414,experimental,B
467418,control,A
467446,experimental,B
467452,control,B
467476,experimental,A
467484,experimental,A
467508,experimental,B
467537,control,B
467552,control,A
467565,control,B
467574,control,B
467586,control,B
467584,control,B
467603,experimental,B
467606,control,B
467613,experimental,B
467628,control,B
467631,control,A
467636,control,A
467639,experimental,B
467640,control,B
467637,experimental,B
467645,control,A
467656,control,B
467660,control,B
467550,control,A
467669,control,A
467679,experimental,A
467695,control,A
467713,experimental,A
467716,experimental,A
467725,control,B
467726,control,B
467728,experimental,B
467730,experimental,A
467723,control,B
467724,control,B
467729,experimental,B
467731,experimental,B
467734,experimental,B
467736,control,B
467738,control,B
467739,experimental,A
467737,experimental,A
467742,control,A
467744,control,A
467747,experimental,A
467750,experimental,B
467749,experimental,B
467757,control,B
467762,control,A
467772,control,B
467771,experimental,B
467778,experimental,B
467780,experimental,B
467783,control,A
467785,experimental,A
467784,control,B
467789,experimental,A
467790,experimental,A
467793,experimental,A
467792,control,B
467796,experimental,A
467748,experimental,B
71186,control,A
467809,experimental,A
467812,experimental,B
467841,experimental,B
467847,control,B
467852,experimental,B
467887,experimental,B
467885,experimental,B
467831,control,B
467896,control,A
467900,control,A
467923,experimental,B
467931,experimental,B
467932,experimental,B
467936,experimental,A
467943,experimental,A
467956,control,B
467957,experimental,B
467961,experimental,A
467981,experimental,B
467979,experimental,A
467987,experimental,B
467997,control,A
468004,experimental,B
468012,control,B
468016,control,B
468024,control,A
468023,experimental,A
468025,experimental,A
468028,experimental,A
468031,control,B
468039,control,B
468044,experimental,A
468042,control,B
468049,experimental,B
468052,control,A
468054,experimental,A
468071,control,B
468066,experimental,A
468075,experimental,B
468094,control,B
468099,control,A
468104,control,A
468108,control,B
441577,experimental,B
468147,experimental,A
468148,experimental,A
468206,experimental,B
468241,experimental,A
468244,control,A
468248,control,A
468254,experimental,B
468298,control,B
468302,control,A
468306,control,B
468314,experimental,A
468315,control,B
468343,experimental,B
425925,experimental,A
468344,experimental,B
468359,experimental,A
468368,experimental,A
468396,experimental,A
468395,control,A
468413,control,B
468419,experimental,B
468423,control,A
468426,experimental,A
468440,experimental,B
468463,control,A
468481,experimental,A
468498,experimental,A
468493,experimental,B
468515,experimental,B
468534,control,A
468535,control,B
468522,control,A
468602,control,B
468609,experimental,A
468643,control,B
468642,experimental,A
468656,control,B
468677,experimental,A
468678,control,A
468692,control,A
468717,control,A
468723,control,A
468728,control,B
468693,experimental,B
468763,control,A
468767,control,B
468796,control,B
468794,experimental,B
468809,control,B
468820,control,B
468851,experimental,B
468855,control,A
468858,experimental,B
468874,experimental,B
468875,experimental,B
468890,experimental,A
121348,control,B
468905,experimental,A
468913,experimental,B
468941,control,B
468952,control,A
468965,control,A
468969,control,B
468971,experimental,A
468987,experimental,A
469053,experimental,B
469057,control,A
469051,experimental,B
469074,control,A
469081,experimental,B
469083,experimental,A
469106,experimental,B
469111,experimental,A
469146,experimental,A
469151,control,B
469154,experimental,A
469137,control,B
469205,control,A
469199,experimental,A
469214,control,B
469233,experimental,B
469248,control,A
469261,control,A
469267,control,A
469290,experimental,A
469297,experimental,A
469120,experimental,B
469362,experimental,B
469389,control,B
469394,control,A
469398,experimental,B
469404,control,B
469405,control,A
469410,control,B
469413,control,B
469392,control,A
469426,experimental,A
469432,control,B
469436,control,B
469448,control,A
469450,control,B
469473,control,A
468015,experimental,A
499546,control,A
499547,experimental,A
489021,experimental,B
499548,experimental,B
499554,control,B
499553,experimental,B
499552,control,A
477180,experimental,A
460774,experimental,B
477227,experimental,B
479056,control,B
487578,control,B
499590,control,A
499594,control,A
478699,experimental,A
499008,experimental,A
499592,control,B
499595,control,B
499593,experimental,B
499808,experimental,A
499806,experimental,A
479557,control,A
487282,experimental,A
499814,control,B
487259,control,A
499860,control,B
499863,experimental,B
499545,control,B
478258,experimental,A
500400,experimental,A
499848,control,B
500440,control,B
500441,experimental,A
500750,experimental,A
501053,control,B
501052,experimental,A
501054,experimental,B
501059,control,B
501058,control,A
501090,control,B
500432,control,A
501091,experimental,B
501093,control,A
501095,control,A
501094,control,B
501096,control,B
501148,control,A
501174,experimental,B
501311,control,B
501310,experimental,B
501312,experimental,B
501313,experimental,B
499978,experimental,A
501316,experimental,B
501315,experimental,A
501320,experimental,A
501355,control,A
501356,control,B
501358,control,B
501357,experimental,A
501359,control,B
501363,control,B
500183,control,B
501364,control,B
501406,experimental,A
501442,experimental,A
501444,control,B
501443,control,A
25837,control,B
47808,experimental,B
51160,control,B
51376,control,B
51400,experimental,A
51383,experimental,A
51369,control,B
51520,control,B
51825,experimental,B
51818,experimental,A
74847,control,A
131626,experimental,A
173947,control,A
93601,experimental,A
220139,experimental,B
220224,experimental,B
220222,experimental,A
220212,control,B
220246,control,B
188026,control,A
220251,experimental,A
220271,control,B
220270,experimental,A
220281,control,B
216206,experimental,A
220300,experimental,B
220322,experimental,B
220326,control,B
220330,experimental,A
220345,control,B
220348,experimental,B
193838,experimental,B
220357,control,A
220343,experimental,B
219999,control,A
220377,control,B
220214,control,B
220401,experimental,B
220411,experimental,B
208634,experimental,A
220448,control,A
220451,experimental,A
220128,experimental,A
220471,control,A
220479,experimental,B
219179,experimental,B
220498,control,A
220506,experimental,B
220512,control,B
220513,experimental,B
220521,control,B
220533,experimental,A
217744,control,A
220553,control,A
220546,experimental,B
220561,experimental,B
168465,experimental,A
220581,experimental,A
220585,control,B
220599,experimental,A
171921,control,A
220614,experimental,A
220621,experimental,B
220627,control,B
195602,experimental,B
220650,experimental,B
220652,experimental,B
220658,control,B
220672,control,A
220682,experimental,A
220694,control,A
220696,experimental,B
220714,control,B
220717,control,B
220739,experimental,B
220776,control,B
220788,control,A
214616,experimental,B
220814,experimental,A
66134,experimental,B
220825,experimental,B
220830,experimental,A
220864,experimental,A
220862,control,A
7861,control,A
220872,experimental,A
220875,control,A
220891,control,A
220897,control,B
220900,control,A
220902,control,B
220841,experimental,B
220921,experimental,A
220926,experimental,B
220937,control,B
220938,control,B
220944,control,B
220959,experimental,A
220981,control,B
220994,experimental,B
220991,experimental,A
220997,control,B
221005,control,B
221018,experimental,B
221022,control,B
221023,control,A
221040,control,B
221041,experimental,A
221045,control,B
221042,experimental,B
221051,experimental,B
220886,control,A
221056,experimental,A
221007,experimental,B
221074,control,A
221075,experimental,B
221079,control,A
41380,experimental,A
221111,experimental,A
221117,control,B
87874,experimental,A
221124,experimental,B
221129,experimental,A
221132,experimental,B
221135,control,A
221149,experimental,A
221170,control,A
221173,experimental,B
221187,control,A
158832,control,A
186487,experimental,B
221198,control,B
221200,control,B
221228,experimental,A
221233,control,A
221247,experimental,A
189078,experimental,B
221251,control,B
221185,experimental,B
221275,control,A
221276,experimental,B
221277,experimental,B
221291,control,B
221309,control,B
221318,experimental,B
221324,control,B
221326,control,B
221308,control,A
221354,experimental,A
221357,control,A
221378,experimental,A
154543,control,A
221393,experimental,A
221402,control,A
221406,control,A
221408,experimental,A
221417,control,A
221428,control,A
221444,experimental,A
216147,control,A
221461,experimental,B
221464,experimental,A
221470,control,B
221475,control,A
221482,control,A
221492,experimental,A
221530,experimental,A
221542,experimental,A
221566,control,B
221574,experimental,B
221577,control,B
221579,control,B
221557,experimental,B
221615,experimental,A
221623,experimental,B
221642,control,A
221643,control,A
221650,experimental,B
221672,control,A
221681,experimental,B
221683,control,B
221698,experimental,A
221709,control,A
221711,control,A
97754,experimental,B
221720,control,B
221742,control,B
221747,control,A
221756,experimental,A
221755,experimental,B
221762,control,B
221760,experimental,A
221792,control,B
221798,experimental,A
221807,control,A
221808,experimental,B
221829,experimental,A
221833,control,B
221836,experimental,A
221832,experimental,A
221867,experimental,B
221868,control,B
221869,experimental,A
221875,control,A
204374,control,B
221884,experimental,B
221891,control,B
221814,control,B
221909,control,A
221916,experimental,A
221914,experimental,B
221922,control,B
213752,experimental,A
221936,experimental,A
221937,experimental,B
221939,experimental,B
221942,experimental,A
221947,experimental,A
221945,control,B
221975,experimental,A
221979,experimental,A
221982,experimental,B
140117,experimental,A
221992,experimental,B
222010,experimental,B
222038,experimental,A
222047,control,B
222060,control,A
222090,experimental,B
222110,control,B
222154,experimental,A
222163,experimental,B
222169,control,A
222188,experimental,A
211894,experimental,A
204359,control,A
222237,experimental,B
222236,experimental,A
222233,control,A
149736,experimental,A
222238,experimental,A
222258,experimental,B
222257,control,B
222268,control,A
172275,control,A
222286,control,B
222296,experimental,B
222316,control,A
222324,control,B
222354,control,B
222353,control,B
222355,experimental,A
222356,experimental,B
222369,experimental,B
222391,experimental,B
222393,control,A
222392,control,A
222402,control,B
222416,experimental,B
222438,experimental,B
222465,experimental,B
222510,experimental,A
222514,experimental,A
222516,control,B
222521,experimental,A
222542,experimental,A
222571,control,A
222584,control,A
222593,control,B
222606,experimental,B
222638,control,A
222641,control,A
222667,experimental,B
222680,experimental,B
222687,experimental,A
222715,experimental,B
188748,experimental,B
222716,experimental,B
222719,control,B
222720,experimental,A
222732,control,A
222721,experimental,A
219377,experimental,B
222743,experimental,A
222763,control,B
222775,control,A
222770,experimental,B
222791,control,B
222853,experimental,A
222881,experimental,A
222885,experimental,B
222892,control,A
222916,control,B
222921,control,B
222926,control,B
222969,control,B
222977,experimental,B
222998,experimental,A
222997,experimental,B
223003,experimental,B
223011,experimental,A
223012,experimental,A
223043,experimental,B
223054,experimental,B
223059,experimental,A
223069,control,A
223084,experimental,A
223086,control,A
223101,control,A
223130,control,A
223137,experimental,A
223146,control,B
222948,control,A
223171,control,A
223168,experimental,B
223186,experimental,B
223190,control,A
223215,control,B
44615,control,A
223231,control,B
223235,experimental,A
214067,control,B
223264,control,A
223270,experimental,A
223309,experimental,A
223323,control,A
223326,control,B
223344,control,B
223348,experimental,B
223365,control,A
223373,experimental,B
223415,control,B
223428,control,A
223446,control,A
223459,experimental,A
223451,experimental,A
223482,experimental,A
223491,control,B
223512,control,B
223515,control,A
223539,experimental,B
223540,control,B
223544,control,A
223587,control,B
223588,experimental,A
223602,experimental,A
223608,control,B
223623,experimental,B
185124,experimental,A
223624,control,B
223645,experimental,B
223657,experimental,B
223661,experimental,B
223412,control,B
223667,experimental,B
223523,control,A
223699,control,A
223711,experimental,B
223723,control,B
223745,control,B
223747,experimental,A
223751,experimental,A
223771,experimental,A
72482,experimental,A
223813,experimental,A
223814,control,A
223811,control,A
223835,control,A
223850,experimental,A
223876,experimental,A
223895,experimental,A
150833,control,B
174304,experimental,B
223924,control,B
223930,control,B
223940,experimental,B
223932,control,B
223948,experimental,A
223953,control,B
223959,control,A
187782,experimental,B
223976,control,A
223981,control,B
223998,experimental,B
224003,experimental,B
224008,experimental,A
224016,experimental,A
224020,control,A
224074,experimental,A
224087,experimental,B
224088,control,A
224089,experimental,B
224090,experimental,A
224096,experimental,B
102261,experimental,A
224107,experimental,A
224116,control,A
224128,experimental,B
224142,control,B
224155,experimental,A
224156,experimental,B
224168,experimental,A
224171,control,A
224174,control,A
224177,control,A
224188,experimental,B
224187,control,A
224183,control,B
224190,control,A
224194,experimental,A
224192,experimental,B
224219,control,B
224222,experimental,A
224221,experimental,B
224230,control,A
224235,experimental,A
224237,control,B
224244,control,B
223437,experimental,B
224255,experimental,A
224263,experimental,B
224268,experimental,A
224274,experimental,A
224279,control,B
224288,control,B
224291,experimental,A
224294,experimental,A
224317,control,A
224323,experimental,A
224326,control,B
224331,control,B
224340,control,B
224343,control,B
224341,control,B
224345,experimental,A
224347,experimental,A
194940,experimental,B
224366,control,A
224365,control,B
224374,experimental,B
219491,control,B
224413,control,B
224428,control,A
224432,experimental,B
224438,control,B
224354,experimental,B
224462,experimental,A
224467,control,A
224464,control,A
224477,experimental,B
224505,control,A
224511,experimental,A
224514,control,A
224524,control,A
224531,control,A
224537,experimental,A
224566,experimental,B
224572,experimental,A
224581,experimental,B
224587,control,B
224601,control,A
224606,control,A
224608,experimental,B
224612,control,B
224626,control,B
224634,control,B
224638,experimental,A
224650,control,A
224662,control,B
224669,experimental,A
224675,experimental,B
224678,control,A
224695,control,B
224704,control,A
224706,experimental,A
224735,experimental,B
224740,experimental,A
224742,experimental,B
224754,experimental,A
224764,experimental,B
224780,experimental,B
224439,experimental,A
224807,experimental,A
224812,experimental,A
224834,control,A
224840,experimental,B
224835,experimental,A
224842,control,A
154713,control,B
224852,control,B
224860,experimental,B
224861,control,B
224892,control,B
224897,control,B
224883,experimental,A
224919,control,A
224928,control,A
224930,control,A
224932,experimental,A
224929,control,B
224945,control,B
224958,experimental,B
224964,control,B
224984,experimental,B
224986,experimental,A
224988,control,B
225000,experimental,A
225001,control,A
225004,experimental,B
225012,experimental,A
224955,control,A
225018,control,B
225026,experimental,B
225028,experimental,B
225034,experimental,A
225048,control,B
225066,experimental,A
225074,experimental,A
225079,control,B
225094,experimental,A
225118,control,A
225117,control,B
225139,experimental,A
225162,control,B
225168,control,B
225169,control,B
225170,experimental,A
225172,experimental,A
225175,experimental,A
225184,control,A
225193,control,B
224946,experimental,B
225206,control,A
225229,control,B
225241,control,A
225254,experimental,B
225261,control,A
225263,control,B
158047,control,A
225266,control,B
225274,control,A
225284,experimental,A
225298,control,B
225302,control,A
225320,experimental,A
225335,control,B
225340,control,B
225339,control,B
225342,control,A
225348,control,B
225347,control,B
225369,experimental,B
225401,experimental,A
225405,control,A
225410,control,A
225408,experimental,B
225432,control,B
225463,control,B
225481,experimental,B
225499,experimental,A
225506,control,A
117891,control,B
225524,experimental,B
225441,experimental,A
225543,control,B
225563,control,A
225568,experimental,B
225574,experimental,B
225587,control,B
225595,experimental,B
225597,experimental,A
225626,control,B
225638,control,B
225636,control,B
225660,control,A
225675,experimental,B
225674,experimental,B
225679,control,A
225688,experimental,B
225701,control,A
225704,experimental,A
225728,experimental,B
225737,control,B
225762,control,B
225755,experimental,A
225774,experimental,B
225793,experimental,A
225806,experimental,B
225822,control,A
225831,control,B
225838,control,A
225837,control,A
225854,control,A
225860,control,B
225864,control,A
225880,experimental,A
225879,experimental,A
225907,experimental,A
225909,control,A
225937,experimental,A
225940,control,B
225960,experimental,A
225979,experimental,B
225991,control,A
226013,experimental,B
226022,control,A
226030,control,A
226050,control,A
226051,control,A
226058,experimental,B
225790,control,B
226071,experimental,A
226087,control,B
226061,experimental,B
226110,experimental,B
226117,experimental,A
226126,experimental,B
226132,control,B
226131,control,B
226134,control,B
226140,control,B
209847,control,B
226147,experimental,B
226194,experimental,B
226210,control,A
226221,control,A
226227,experimental,B
226239,experimental,B
226249,experimental,B
226252,experimental,A
226256,control,B
226269,experimental,A
74305,experimental,A
226296,experimental,A
226315,control,B
226323,experimental,B
226344,experimental,A
226347,experimental,A
226368,control,A
226399,control,A
131633,control,B
226409,control,A
226413,control,B
226423,control,A
226431,control,B
226455,control,B
226458,experimental,A
226471,control,A
226488,experimental,B
226507,control,A
226514,experimental,A
226515,control,B
226513,control,B
226532,control,B
226536,control,A
226541,control,A
226562,experimental,A
226565,control,B
226573,experimental,B
226583,experimental,B
226595,control,B
226597,experimental,A
226634,control,B
226645,experimental,B
226667,experimental,A
226670,experimental,B
226676,control,B
226684,control,B
226699,experimental,A
226708,control,A
226714,control,A
226725,control,A
226720,experimental,A
226727,experimental,A
226733,experimental,A
226732,control,B
226738,control,B
226743,experimental,B
226728,control,B
226750,control,B
226768,control,B
226771,experimental,B
226790,control,A
226793,experimental,A
226801,control,B
226787,experimental,A
226802,control,A
226810,experimental,B
226811,control,A
226808,experimental,B
226828,experimental,B
226827,experimental,B
226812,experimental,A
226839,experimental,A
59050,control,B
175324,experimental,A
226819,experimental,A
226855,experimental,B
226865,experimental,B
226863,control,A
226866,control,B
226868,experimental,B
226874,control,A
226881,control,A
226878,experimental,A
224414,experimental,B
226892,experimental,B
226918,control,B
226906,control,A
226917,control,B
226932,control,A
226931,control,B
226941,control,B
226945,control,B
226960,experimental,B
226963,control,A
226973,experimental,A
226982,control,A
227005,control,B
227006,control,B
227021,experimental,B
227031,control,B
227033,experimental,B
227045,experimental,B
227056,experimental,B
227075,control,B
227076,control,A
227085,experimental,B
227042,experimental,B
227097,experimental,A
227119,experimental,B
227064,control,A
227131,experimental,A
227135,experimental,B
227145,experimental,B
227164,experimental,B
227178,experimental,A
227175,control,B
227186,experimental,A
227191,experimental,A
227180,experimental,A
227202,experimental,A
227207,experimental,A
227208,experimental,A
227231,control,B
227256,experimental,B
227257,control,A
227262,control,B
227301,experimental,B
227331,experimental,A
227335,experimental,A
227348,control,A
227373,experimental,A
227377,control,A
227378,control,B
227405,control,B
227414,experimental,B
227420,experimental,A
227423,control,A
227432,control,B
227437,experimental,B
227438,control,B
227352,experimental,B
227446,control,B
227469,experimental,B
227453,control,B
227556,experimental,A
227551,experimental,A
227545,control,A
227548,experimental,A
227555,control,A
227575,experimental,A
227571,control,A
227589,experimental,B
227591,experimental,A
227603,experimental,B
227610,control,B
227643,control,A
227651,control,B
227675,control,A
227683,experimental,B
227691,control,A
227706,experimental,B
227708,experimental,B
227711,control,A
227718,experimental,B
227717,control,A
227719,control,B
227726,experimental,B
227727,control,A
227746,experimental,A
227748,experimental,B
227753,experimental,B
227756,experimental,B
227796,control,A
227814,experimental,B
227827,experimental,A
227837,control,B
227880,control,B
227894,control,B
227899,control,B
227907,experimental,A
227925,control,B
227957,control,A
228006,experimental,A
228011,control,A
228022,experimental,A
228029,experimental,A
228031,control,B
228048,control,A
228071,experimental,A
228075,control,B
228100,control,B
228107,experimental,B
228129,control,B
228171,control,A
228173,experimental,A
228175,experimental,B
228184,control,A
228191,control,A
228200,experimental,B
228208,control,B
228217,control,B
228245,control,A
135998,experimental,B
228262,control,B
228288,experimental,A
228299,control,A
111950,experimental,B
228246,experimental,A
228307,experimental,B
228314,experimental,A
228320,experimental,A
228331,control,A
228338,control,A
228342,experimental,B
228347,control,A
228358,control,A
228374,control,A
228379,experimental,B
228388,experimental,A
228401,control,B
228403,experimental,B
228419,experimental,B
228311,experimental,A
228458,control,A
228461,control,A
228475,control,A
228481,control,B
228483,control,A
228485,experimental,B
228494,experimental,B
228497,experimental,B
228508,control,B
228515,control,A
228520,experimental,B
228539,experimental,A
228540,control,B
228556,experimental,B
228557,experimental,A
228565,experimental,A
228566,control,B
228578,experimental,A
170607,control,A
228587,control,B
228591,control,B
228617,control,B
228620,control,B
228623,experimental,B
228629,control,A
228647,control,B
228648,experimental,B
228703,control,A
228710,control,B
228715,control,A
228735,control,A
228743,experimental,A
228755,experimental,A
228473,control,A
228759,experimental,A
228765,control,A
228769,experimental,A
228785,experimental,A
228792,experimental,A
228301,experimental,B
228796,experimental,A
228805,experimental,A
228819,experimental,B
228847,control,B
228856,control,B
228883,experimental,A
228913,experimental,B
228916,experimental,A
228919,control,B
228927,control,A
228928,experimental,A
228948,experimental,B
228961,control,A
228970,control,B
228967,experimental,B
228989,control,B
228974,control,B
229022,control,A
229042,experimental,B
229054,control,A
229075,experimental,B
229107,control,B
229109,experimental,A
229112,experimental,A
190562,experimental,A
229117,experimental,B
229136,experimental,B
229138,control,A
229142,control,B
229158,experimental,A
229162,control,B
174417,experimental,B
229174,control,B
229185,experimental,B
229195,experimental,A
229216,experimental,B
229267,control,B
229271,control,B
229291,experimental,A
229315,experimental,B
229320,control,A
229327,experimental,B
229350,control,A
229348,control,B
229353,control,A
229363,experimental,B
229415,control,A
229444,experimental,B
229457,control,A
229464,control,B
229545,control,A
229563,experimental,A
229777,control,B
229798,experimental,B
229797,control,A
229815,control,B
229825,experimental,A
229889,control,A
216428,experimental,A
229969,experimental,A
229982,control,A
230031,experimental,B
230103,control,A
104846,control,B
230174,experimental,A
207439,control,A
230280,experimental,A
230318,control,A
230341,control,A
230420,control,A
230425,control,A
230487,experimental,A
230576,control,A
230607,control,A
230604,control,B
230636,control,A
230741,experimental,A
230803,experimental,B
230872,experimental,B
230897,experimental,A
230942,control,A
230960,experimental,A
231005,control,B
231059,control,B
231095,experimental,B
231111,control,B
231141,experimental,B
231241,control,A
231256,experimental,B
231252,control,B
231369,control,B
231374,control,B
231476,control,B
231517,experimental,A
231534,experimental,A
231624,experimental,A
185351,control,B
231640,experimental,A
231648,control,A
231688,experimental,B
231694,control,B
231697,control,A
231702,control,A
213774,experimental,B
231861,experimental,B
231880,control,A
59389,experimental,A
146286,control,B
231983,experimental,A
232000,control,B
232012,experimental,A
232174,control,B
232190,experimental,B
232170,experimental,A
232233,control,A
232266,experimental,A
232367,experimental,B
232398,experimental,B
232404,experimental,A
232439,control,A
232448,experimental,A
232521,experimental,A
232542,control,A
232562,control,B
232566,control,A
232582,experimental,A
195338,control,B
232722,control,A
232750,experimental,A
232635,experimental,A
184091,experimental,A
232801,experimental,B
232816,control,A
232839,control,A
232958,control,A
233013,experimental,B
233103,experimental,A
233083,control,B
233118,experimental,A
233039,experimental,A
233128,experimental,B
233322,control,B
233339,control,B
233394,experimental,A
233397,experimental,A
233427,experimental,A
233432,control,B
232965,control,A
233670,control,B
233684,control,B
33329,control,B
233766,control,A
233835,experimental,B
233989,experimental,B
219953,experimental,B
234064,experimental,A
234082,experimental,A
234126,experimental,B
234217,experimental,A
234249,experimental,A
234270,control,B
234290,control,B
234323,experimental,B
223769,experimental,B
234350,experimental,B
234421,control,A
234436,control,A
196014,experimental,A
234420,experimental,A
234535,experimental,A
234595,control,B
234610,experimental,B
134869,experimental,B
234737,control,A
234739,experimental,A
234852,experimental,A
234952,control,A
235028,experimental,B
235101,experimental,B
235141,experimental,A
235198,experimental,B
235260,experimental,A
235071,experimental,A
235381,control,A
235403,experimental,A
235509,control,B
235505,control,A
235552,experimental,A
235624,experimental,A
235661,control,A
235673,control,A
235724,experimental,A
235407,control,B
235790,experimental,B
179817,control,B
235878,experimental,A
235741,experimental,B
235901,experimental,B
235821,control,A
235946,experimental,A
235947,control,A
236038,control,A
236036,experimental,B
236034,experimental,B
185837,experimental,B
184561,experimental,A
236417,experimental,A
236508,experimental,B
236572,experimental,B
236667,experimental,A
236923,experimental,B
236986,experimental,A
237228,experimental,B
237243,experimental,B
237264,experimental,A
237265,control,A
178679,experimental,B
237238,experimental,B
237433,control,B
237533,control,A
237577,control,B
237583,control,A
237623,control,A
237591,control,B
237686,control,B
237700,control,A
237792,control,A
237789,experimental,A
237815,control,B
237864,experimental,B
237884,experimental,B
237944,experimental,B
237973,control,A
237996,experimental,A
238019,control,A
238247,control,A
238294,control,B
238404,experimental,B
237782,control,B
238406,experimental,B
238413,experimental,B
238445,control,B
238452,control,A
238475,control,B
238510,experimental,B
238523,control,B
238459,experimental,B
238556,control,B
238622,experimental,B
238551,control,A
238648,control,A
238891,experimental,A
238927,experimental,A
238949,experimental,B
238336,experimental,B
239103,experimental,A
239108,experimental,B
239125,control,B
4976,control,A
239173,control,B
239188,control,A
239245,control,A
239283,control,A
239293,experimental,A
239331,control,A
239551,experimental,B
239409,control,B
196809,experimental,B
239604,experimental,A
239712,experimental,B
239734,control,B
239776,control,B
239842,experimental,B
239971,control,A
239973,experimental,B
239009,experimental,A
240135,experimental,B
240154,experimental,B
240307,experimental,B
240317,control,A
240538,control,B
240506,experimental,B
240421,experimental,B
240688,experimental,B
240783,experimental,A
240847,control,A
240839,control,B
241086,experimental,B
241322,experimental,B
241220,control,B
241375,control,B
241409,control,A
241425,control,B
241457,experimental,B
241536,experimental,A
241572,experimental,A
235579,experimental,A
241718,experimental,B
241722,experimental,B
241827,control,B
241874,experimental,B
241852,control,B
241872,control,A
241981,control,B
242013,control,A
242111,experimental,A
242157,experimental,B
242198,control,B
242227,control,A
242289,experimental,B
242095,experimental,A
242394,experimental,A
242204,experimental,B
242492,experimental,A
242522,experimental,A
242643,experimental,A
242679,experimental,A
242732,experimental,A
242729,experimental,B
242807,experimental,B
242815,experimental,B
242817,control,B
242989,control,A
243113,experimental,B
243197,experimental,B
243252,control,B
243288,experimental,B
197644,control,B
243385,control,A
243141,control,A
243407,experimental,B
243456,experimental,B
243562,experimental,B
243557,control,A
243919,control,B
243925,control,B
243945,control,B
243978,experimental,A
244059,control,A
244193,control,A
244486,experimental,B
244509,experimental,B
244524,experimental,B
244621,control,A
244671,control,B
244763,control,B
244769,control,B
244815,experimental,B
244885,experimental,A
244807,experimental,B
244922,control,A
241382,experimental,A
245124,control,A
245127,control,B
245148,control,A
181014,experimental,A
245268,experimental,B
245271,experimental,A
245307,experimental,B
245386,experimental,A
245405,experimental,B
245419,control,A
140286,control,B
245620,control,A
245625,control,A
245631,experimental,B
245688,control,B
245743,experimental,A
245764,experimental,B
245789,experimental,A
209724,experimental,B
245895,experimental,A
245890,experimental,A
245910,control,B
245462,control,B
245954,control,A
246047,experimental,A
246175,control,A
246273,experimental,B
159748,experimental,A
246487,control,A
246521,control,B
246587,experimental,A
246668,control,B
246678,control,A
246669,control,A
246732,control,A
246764,control,A
246872,control,B
246878,control,B
246888,experimental,A
246884,experimental,B
246899,control,A
246787,control,B
246926,control,A
246925,control,A
246942,control,A
183512,experimental,A
246951,experimental,A
246960,control,B
246967,experimental,B
246982,control,B
246983,experimental,B
247099,experimental,B
247106,control,B
247112,control,B
247143,control,A
247131,experimental,A
247147,control,A
247202,control,A
247217,experimental,B
247306,experimental,B
246902,experimental,B
247316,control,B
247327,experimental,A
247344,control,B
247411,experimental,A
247406,experimental,B
247447,experimental,A
247452,experimental,A
247475,experimental,B
247074,control,B
247485,experimental,A
247061,experimental,A
247476,control,A
247591,experimental,A
247610,control,B
77024,control,B
247488,control,A
247732,control,B
247778,control,B
247750,experimental,B
247932,experimental,A
184798,experimental,B
247967,control,A
248030,control,B
248005,control,A
248251,control,A
248308,experimental,A
248352,experimental,A
248375,control,B
248442,experimental,A
248527,control,B
248642,control,A
248664,experimental,B
248732,experimental,A
204613,experimental,A
248947,experimental,A
248944,control,A
248972,experimental,A
249005,control,A
249000,experimental,A
248129,control,B
249060,control,B
249097,experimental,B
249138,control,A
249133,control,A
249179,control,A
249250,control,A
249298,experimental,A
249302,experimental,B
249333,experimental,A
249342,control,B
249346,control,A
249380,control,A
249391,control,A
249392,experimental,B
249562,experimental,A
249591,control,A
249604,control,A
249633,control,A
249686,control,B
249716,control,A
249730,experimental,A
249744,experimental,B
249750,control,A
249755,control,B
249797,experimental,A
249832,control,B
249877,experimental,B
249918,experimental,A
249925,experimental,A
249942,control,A
249968,control,A
249978,experimental,B
250039,control,A
249371,control,B
249768,control,B
250078,control,A
250161,experimental,A
250176,control,B
250199,control,B
250259,control,A
249426,control,B
250331,control,B
250364,control,A
250356,experimental,A
250402,experimental,B
250583,control,B
250606,experimental,A
250552,experimental,A
250709,control,A
250727,experimental,B
250769,control,A
250909,control,B
250973,experimental,B
250985,experimental,B
250964,control,B
251027,control,A
251063,experimental,B
145171,control,A
251120,experimental,A
251142,control,A
251154,control,A
251209,control,B
251236,control,A
251245,control,A
251250,experimental,B
251180,control,B
251267,experimental,B
251406,control,A
251411,experimental,B
251585,experimental,B
251595,control,A
251690,control,B
251725,control,A
251762,experimental,B
251789,control,B
251835,control,A
251863,control,B
251959,control,B
252017,control,A
251050,experimental,B
252041,control,A
251256,control,B
252067,experimental,A
252125,experimental,B
252161,control,A
252175,experimental,B
252165,experimental,A
252251,experimental,B
252245,experimental,A
252325,experimental,B
252343,experimental,A
252401,experimental,B
252414,experimental,B
252418,experimental,A
252440,control,A
252480,experimental,A
252523,experimental,A
252558,experimental,A
252648,control,A
252671,control,B
252698,control,A
252409,experimental,B
251505,experimental,B
252728,experimental,B
252278,experimental,A
252773,experimental,B
252836,control,A
252972,control,B
252999,experimental,B
253032,experimental,A
253122,experimental,A
253155,experimental,A
253222,control,A
253243,control,B
95346,control,A
253361,experimental,A
253469,experimental,A
253542,experimental,A
253526,experimental,B
253622,experimental,B
253623,experimental,A
253715,experimental,A
253537,experimental,A
253800,control,A
253789,control,B
253925,control,B
254059,control,A
254092,control,A
254162,experimental,A
254169,control,B
254120,experimental,A
254301,control,B
254313,control,A
254330,control,A
254336,experimental,B
254346,control,B
254509,experimental,A
254351,experimental,A
254522,experimental,A
254196,experimental,B
254595,experimental,A
254603,control,A
254641,experimental,B
253535,control,A
254933,experimental,B
254946,control,B
254950,control,A
254953,control,B
254973,control,B
255008,experimental,A
255091,experimental,B
255094,experimental,A
255311,experimental,A
255324,control,B
255323,control,B
255341,experimental,A
255337,experimental,A
255350,control,A
255383,experimental,A
255449,experimental,A
255468,experimental,B
255521,control,A
255551,control,A
255729,control,A
255737,control,B
255758,control,A
255763,experimental,B
255788,control,A
255789,experimental,B
255822,control,A
255862,control,A
255909,control,B
255922,experimental,B
245831,control,B
255981,control,A
255988,control,B
256004,experimental,A
256063,control,A
256131,control,B
256163,experimental,A
256218,experimental,A
256203,control,B
256219,experimental,B
256260,control,A
256307,experimental,A
256303,control,A
256316,control,B
256328,control,A
256372,experimental,A
256207,control,B
256521,experimental,A
256556,control,B
256569,control,B
213582,control,A
256638,experimental,B
256639,control,A
256658,experimental,B
256594,experimental,A
256816,experimental,A
256869,experimental,A
242794,control,A
256955,experimental,A
256965,control,B
256183,control,A
257026,control,A
257053,experimental,B
257087,control,A
255926,control,A
257174,control,B
257201,control,A
257230,control,B
257263,experimental,A
256997,control,A
257281,experimental,B
253700,experimental,A
257388,experimental,A
257393,control,A
257396,control,A
257511,experimental,B
257527,experimental,B
257528,control,A
257541,control,B
257547,experimental,B
257565,control,B
257587,control,B
257603,control,A
257673,control,A
257715,experimental,B
257783,control,B
257818,experimental,B
257888,experimental,B
257892,experimental,A
257904,control,A
257908,control,B
257910,experimental,B
257913,control,B
257928,control,B
257948,experimental,B
257969,control,B
257973,experimental,A
257982,control,A
258038,control,B
258039,control,A
258097,control,B
257974,experimental,B
258147,experimental,A
140822,experimental,A
258051,control,A
258204,control,A
258208,control,B
258244,experimental,A
258555,control,A
258609,experimental,B
258674,control,B
258794,control,B
258830,experimental,B
258850,experimental,A
258894,control,B
258903,experimental,A
258955,control,B
258959,experimental,A
258984,control,B
259035,experimental,A
259052,experimental,A
258753,control,B
259131,control,A
259157,experimental,A
259170,control,B
259235,experimental,A
259233,experimental,B
259244,experimental,B
259386,control,B
259438,experimental,A
259491,experimental,B
259516,control,B
259523,control,B
259621,experimental,B
259459,control,A
259666,control,B
259692,control,A
259788,control,B
259967,control,B
259974,control,B
260039,experimental,A
260165,experimental,B
260329,experimental,B
260339,experimental,A
260371,control,A
260383,experimental,B
260511,experimental,B
260550,control,A
260590,control,A
260668,control,B
260752,experimental,B
260756,experimental,B
260829,experimental,A
260869,control,B
261001,control,A
261028,control,A
188864,experimental,B
248963,control,B
261106,control,B
220655,control,B
261169,experimental,A
261234,experimental,B
260840,control,A
261336,control,A
261341,experimental,B
261509,control,A
261354,experimental,A
261503,control,B
52689,experimental,A
261549,control,B
261561,experimental,A
260993,experimental,B
261659,experimental,A
261669,experimental,A
261712,experimental,B
261747,experimental,A
260128,experimental,B
261976,experimental,A
252975,experimental,B
262164,experimental,B
262177,control,A
262179,experimental,B
191082,experimental,A
262243,control,B
262350,experimental,A
262468,control,A
262476,control,B
262588,control,A
262613,experimental,A
262471,control,A
262673,experimental,A
262698,control,A
262734,experimental,B
262753,experimental,A
262757,experimental,A
262642,experimental,B
262808,control,A
262925,control,A
262938,experimental,A
258706,control,B
262953,experimental,A
262988,control,A
262989,experimental,B
262998,experimental,A
263026,control,A
263044,control,A
263193,experimental,A
263230,control,B
263277,control,B
263330,experimental,A
263435,experimental,B
263443,experimental,A
263432,control,B
263391,control,A
195309,control,B
263546,control,B
263588,control,A
263676,control,B
263684,control,B
263686,experimental,B
263840,control,A
263863,experimental,A
263911,experimental,B
263948,control,B
263979,control,B
264004,experimental,A
264049,experimental,A
264144,control,B
264148,control,B
264299,experimental,B
264573,control,B
264631,experimental,B
264672,experimental,B
264689,experimental,A
264827,experimental,A
264836,experimental,B
264906,experimental,A
264935,control,B
264955,control,A
260285,control,A
265162,control,A
264663,control,A
265239,experimental,A
265097,experimental,A
265365,experimental,A
265505,experimental,B
265485,experimental,A
265574,control,B
265642,control,B
265658,experimental,A
265615,control,A
265823,control,B
265960,control,A
266026,control,A
266171,control,B
266356,control,B
266447,experimental,A
266493,experimental,B
266515,control,A
265789,control,A
266634,experimental,B
266669,experimental,A
266826,experimental,A
266186,control,B
266873,experimental,B
267045,experimental,B
266974,control,A
267056,experimental,B
267075,control,B
267084,control,A
267090,control,A
267100,experimental,A
267119,experimental,A
267109,experimental,A
266909,experimental,A
267314,control,B
267356,experimental,A
267435,experimental,B
267231,experimental,A
267575,control,A
267671,experimental,B
267679,experimental,B
267724,experimental,A
267753,control,B
267812,control,B
267903,control,A
267911,control,A
267926,experimental,A
268011,control,A
268007,experimental,A
268059,experimental,A
268116,experimental,A
268146,experimental,B
268160,experimental,B
268207,experimental,A
268235,experimental,A
268243,experimental,B
268317,experimental,A
268375,control,B
268408,control,B
267106,experimental,B
268051,experimental,B
268602,control,A
268590,experimental,B
268199,control,B
268580,experimental,A
268592,experimental,A
268673,experimental,B
268762,control,A
268773,experimental,B
268852,experimental,A
268950,experimental,B
268951,control,A
268989,experimental,B
264239,experimental,B
269003,control,A
268881,control,B
269100,control,A
269128,control,A
269200,experimental,B
269185,control,B
269255,control,A
269313,control,A
269324,experimental,A
269323,experimental,A
268205,experimental,B
269382,control,A
269494,control,A
269452,control,A
269435,experimental,B
269524,experimental,A
269513,control,A
269485,control,B
269563,experimental,B
269581,experimental,B
269612,control,A
269489,experimental,B
269676,control,A
269710,experimental,B
269772,experimental,B
269773,experimental,A
269741,control,B
269798,control,A
269841,experimental,B
269850,experimental,A
269876,experimental,B
269869,control,A
269899,control,B
269911,control,B
269937,control,A
269946,experimental,A
269951,control,A
269968,experimental,B
269994,experimental,A
270044,experimental,A
269906,control,B
270105,control,B
270165,experimental,B
270293,experimental,A
270323,experimental,B
270157,control,B
270237,control,A
270363,control,B
270389,control,A
270423,control,B
270443,experimental,A
270459,experimental,A
270491,experimental,A
270523,experimental,A
270542,control,B
270566,experimental,A
270589,control,B
270635,control,B
270659,experimental,A
270649,experimental,A
270687,experimental,B
270725,experimental,B
270774,control,A
270805,control,B
270819,experimental,A
270823,control,A
269565,experimental,A
270608,control,B
270927,experimental,B
270923,control,B
270985,control,A
271038,control,B
271099,control,B
271114,experimental,B
271015,experimental,A
271162,control,A
271171,control,A
269428,control,B
269075,experimental,A
271380,experimental,A
271381,experimental,B
271388,control,A
271389,control,B
271404,control,A
271419,experimental,B
268434,experimental,A
271437,experimental,A
271464,control,B
271472,control,B
271552,experimental,B
271562,control,A
271561,experimental,B
271528,experimental,B
271514,control,B
271682,experimental,A
271527,control,A
271586,control,A
271559,experimental,B
271764,control,B
271786,control,B
271783,experimental,A
271792,control,A
270839,control,B
266802,control,B
272020,control,B
272031,experimental,A
272145,experimental,B
272156,experimental,B
271959,experimental,B
272328,experimental,A
272336,control,B
272392,control,A
272411,experimental,A
272350,control,B
272418,control,B
272438,control,A
272516,control,A
272585,control,A
272568,experimental,A
272765,experimental,B
272782,control,B
272833,experimental,A
272017,experimental,B
273019,control,B
273049,control,B
273170,experimental,B
273183,experimental,A
273200,control,B
273147,control,B
273280,experimental,B
273383,control,B
273408,control,B
273516,experimental,B
273613,control,B
273803,experimental,B
273842,control,A
273846,control,B
274009,experimental,A
274025,experimental,A
274095,control,A
274149,control,B
274156,control,B
274207,control,A
274314,experimental,A
274331,experimental,B
272921,control,B
274361,experimental,B
274391,control,B
274427,experimental,B
274444,experimental,B
274498,control,B
274507,experimental,B
274589,control,A
274619,control,B
274624,experimental,B
274318,experimental,A
274711,experimental,B
274716,experimental,B
274723,control,A
274740,experimental,A
274747,experimental,A
274910,control,A
274929,experimental,B
274998,control,B
275057,control,B
275069,control,A
275093,experimental,A
275084,experimental,B
275223,experimental,A
275214,control,B
275122,control,B
275526,experimental,A
275546,control,A
275293,experimental,B
260564,control,B
270794,control,B
275959,experimental,A
276131,experimental,A
276232,experimental,B
276275,experimental,A
276328,experimental,A
276341,control,A
276597,experimental,A
276633,experimental,A
264423,control,A
276905,control,A
276958,experimental,B
272870,experimental,B
277088,experimental,B
277303,control,A
277351,experimental,A
277363,control,B
275995,control,A
274999,experimental,A
277550,control,A
277552,experimental,B
271061,control,A
277207,control,B
266242,experimental,B
278239,control,A
278424,control,A
278792,control,B
278853,control,B
279000,control,B
279037,control,B
279070,control,B
279083,experimental,A
279448,control,B
279486,experimental,A
279734,experimental,B
280097,experimental,B
280092,control,A
280233,control,B
280307,control,B
280427,control,B
280459,experimental,B
280548,control,B
280592,control,A
280586,control,B
280743,control,A
280760,experimental,A
280783,control,A
280393,control,A
280956,control,A
280374,control,B
281039,control,B
281188,control,A
281255,experimental,A
281313,control,A
281590,control,B
281608,experimental,B
281615,control,A
281622,control,B
281671,experimental,A
281740,experimental,A
281831,control,B
281858,experimental,B
282042,experimental,A
282033,experimental,A
282090,experimental,B
282094,control,A
282181,control,B
282282,experimental,B
281926,control,A
282343,control,B
282136,experimental,B
281205,experimental,B
282532,experimental,B
282598,control,B
282322,control,B
282637,control,B
282863,control,A
283049,control,B
283084,experimental,A
283345,experimental,B
283317,experimental,A
283577,control,A
283596,control,B
283598,control,A
283667,control,A
269403,control,A
284037,control,A
284029,experimental,B
283146,control,A
284707,experimental,A
267430,experimental,A
284790,experimental,A
284915,experimental,B
284866,control,A
285005,control,A
285144,control,A
285176,control,B
285180,control,B
285246,control,B
283853,control,A
285298,control,B
285616,experimental,A
285773,control,A
286097,control,B
286235,control,A
286344,control,B
286269,control,A
286329,experimental,B
84622,control,B
286879,control,A
286945,experimental,A
287129,control,B
287216,experimental,B
287268,control,B
287430,experimental,A
287561,control,A
287478,experimental,A
287654,control,A
287786,control,A
287892,experimental,B
288167,control,B
288174,control,A
288445,control,A
288629,control,A
288761,experimental,A
288810,experimental,A
288891,control,A
288922,control,A
289044,control,B
289104,experimental,A
289228,experimental,B
289233,control,B
289349,experimental,A
289328,control,A
289373,control,B
289575,experimental,B
289840,experimental,B
290030,experimental,A
290254,experimental,B
290308,control,A
290353,experimental,A
290338,control,A
290474,control,A
290550,control,B
290551,experimental,B
290565,experimental,B
290553,control,A
290713,control,B
290722,experimental,A
290721,control,A
290752,experimental,B
290812,experimental,A
291084,control,A
291176,control,B
291218,experimental,A
291005,experimental,B
291365,experimental,A
291437,experimental,B
291783,experimental,B
291910,control,A
292322,experimental,A
292403,control,A
292399,experimental,A
292535,control,A
292453,experimental,A
292554,experimental,B
292685,experimental,A
292961,experimental,B
293031,control,A
293263,control,B
293424,control,A
293549,experimental,A
293749,control,A
293980,control,A
294126,control,B
294344,control,B
294900,experimental,B
295823,experimental,A
296046,control,B
296517,control,B
296618,control,A
296755,control,A
297135,control,A
297245,experimental,B
297261,control,B
297334,experimental,B
297406,experimental,A
287313,experimental,B
297582,experimental,A
297817,experimental,A
297944,experimental,A
298079,control,B
298207,control,B
298467,control,A
298473,control,B
298501,experimental,A
298584,control,B
298727,control,A
298840,control,B
298864,control,A
296843,control,B
299008,experimental,A
299203,experimental,A
299210,control,B
299305,experimental,A
299345,experimental,B
6093,control,A
299708,control,A
299707,control,A
299755,experimental,B
299592,experimental,A
299870,experimental,A
299965,control,A
299986,experimental,B
300156,control,A
300177,control,B
300729,control,B
300751,control,B
300783,control,A
301229,experimental,B
299815,experimental,B
216423,experimental,B
213579,control,B
302293,control,A
302022,control,B
302393,control,A
302539,experimental,A
302564,control,A
302498,control,B
302758,control,A
302246,experimental,A
283981,control,B
303952,control,A
303913,experimental,B
304549,control,A
304415,experimental,B
299527,experimental,B
304769,control,B
304797,experimental,A
304875,control,B
304923,control,A
304952,experimental,B
305008,control,A
305240,experimental,A
299729,experimental,A
305400,control,B
305481,control,A
165168,control,B
305565,experimental,B
305617,control,A
305844,control,B
305756,control,A
305898,control,A
306078,experimental,B
305198,experimental,B
306224,control,B
306233,experimental,A
306179,experimental,B
306536,experimental,B
306700,control,A
306717,experimental,B
306789,experimental,A
306844,control,B
306232,control,A
307126,control,A
307183,experimental,A
307232,control,B
307348,control,A
307424,control,B
307443,experimental,A
307482,control,B
307006,experimental,A
307789,experimental,A
307851,experimental,B
305935,experimental,B
305933,experimental,B
305934,experimental,B
305943,control,A
305941,control,B
305942,control,B
305944,control,B
305947,control,B
305948,experimental,A
305955,experimental,A
305956,control,B
308146,control,A
306089,experimental,B
306088,experimental,A
306086,control,B
306097,experimental,B
306098,experimental,B
306100,control,B
306107,control,A
306105,experimental,B
306116,experimental,B
308373,experimental,B
308385,control,B
308483,experimental,A
306250,experimental,A
306252,experimental,B
306251,control,A
306256,experimental,B
306258,control,A
306257,experimental,A
306263,control,A
306255,experimental,A
306267,experimental,B
306266,control,A
306275,experimental,A
306259,control,B
306271,control,A
239632,control,A
306305,experimental,B
67835,control,B
308705,control,A
308708,control,B
308793,experimental,B
308824,experimental,A
308829,control,A
308884,experimental,B
308980,experimental,A
309028,control,B
306932,experimental,A
306934,experimental,A
306933,control,A
306937,control,A
309297,experimental,A
306944,control,A
306945,experimental,B
306943,experimental,B
306942,experimental,B
307278,control,A
306952,experimental,B
306950,control,A
309309,control,B
306960,experimental,A
306957,control,B
306958,experimental,B
306969,experimental,A
306971,experimental,B
306972,control,A
306974,experimental,A
309453,experimental,A
309197,control,B
307095,experimental,A
307096,experimental,A
236719,experimental,B
307100,control,A
241198,control,A
307099,experimental,A
307104,control,B
307102,experimental,B
307111,experimental,B
307110,control,A
306087,experimental,B
307119,control,A
307120,experimental,B
307121,experimental,B
307118,experimental,B
307282,experimental,A
307281,experimental,A
307280,experimental,A
241565,experimental,B
307287,experimental,A
307290,experimental,A
307297,experimental,A
307296,control,A
307294,control,B
307295,control,A
307304,control,A
307302,experimental,A
307308,experimental,A
307310,experimental,B
307311,experimental,B
309715,experimental,B
304302,experimental,B
306949,experimental,B
306959,control,A
310064,experimental,A
310286,control,A
310256,control,B
310314,experimental,B
310208,control,B
310367,control,A
310472,control,A
310682,experimental,B
310657,experimental,B
310028,experimental,B
310747,control,A
310947,experimental,A
311089,experimental,A
311303,experimental,A
311278,experimental,A
311515,experimental,B
311664,experimental,B
311670,experimental,B
311637,experimental,A
311717,experimental,A
311726,experimental,B
311753,control,A
311962,control,A
312036,experimental,B
312174,experimental,B
312412,experimental,A
312717,control,B
312739,experimental,B
312983,experimental,B
313056,experimental,A
313295,control,B
313649,control,A
313823,experimental,B
313888,experimental,A
314127,control,B
314331,control,A
314335,control,B
314413,experimental,A
314262,experimental,A
315035,control,A
315046,experimental,A
315091,experimental,A
315327,experimental,A
315415,control,A
315326,experimental,B
315269,control,B
315695,experimental,B
315724,control,A
315753,experimental,A
315705,experimental,B
316091,experimental,B
316176,control,A
316275,control,B
316277,control,A
316297,experimental,A
316317,experimental,B
316321,experimental,B
316323,control,B
316406,control,A
316480,control,B
316512,experimental,A
316560,experimental,B
315794,experimental,A
316897,control,B
316927,control,B
317564,control,A
317614,experimental,A
317697,control,A
317857,control,A
317927,control,A
318015,control,B
318228,control,B
318226,control,A
318234,experimental,B
318416,experimental,A
318412,experimental,A
318486,control,A
318737,experimental,B
318865,control,B
318872,control,B
276630,control,A
319173,experimental,A
319523,control,A
319644,control,A
319696,experimental,B
320397,experimental,A
320812,experimental,B
320759,control,B
321585,experimental,B
321679,experimental,B
321894,experimental,B
321940,experimental,B
322411,experimental,B
322568,experimental,B
317176,experimental,B
320403,experimental,A
319828,control,B
322927,control,B
322980,control,B
322757,experimental,A
323122,control,B
323219,control,B
323324,experimental,A
323374,experimental,A
323586,experimental,A
323656,experimental,A
106225,control,B
323864,experimental,A
323951,experimental,B
324116,control,A
324158,control,A
324200,control,A
324247,control,A
324447,control,B
324548,control,A
318514,experimental,B
324714,control,A
322882,control,A
324994,control,B
325056,experimental,A
270171,control,B
325421,control,A
325635,control,B
325570,experimental,A
325656,experimental,A
325775,experimental,B
326106,experimental,A
326170,control,A
326488,control,B
328085,control,B
326140,experimental,A
328974,control,B
329299,control,A
329333,control,B
329307,experimental,A
197385,experimental,B
329875,control,A
329956,experimental,A
330244,control,A
330583,control,B
330639,control,B
331163,control,B
330444,control,A
323797,control,A
331291,control,B
331354,experimental,A
330994,control,A
331389,experimental,A
331466,control,B
331544,control,A
331801,control,B
331778,control,B
331912,experimental,A
332282,control,A
332439,experimental,B
332449,control,B
332826,control,A
330316,control,B
333366,experimental,A
332718,experimental,B
333861,control,A
333973,experimental,A
333811,control,B
334176,experimental,A
334062,experimental,A
334397,control,A
333299,experimental,A
334549,control,A
334697,experimental,B
334713,experimental,B
334735,experimental,B
334851,control,A
334827,experimental,B
335065,control,A
332265,experimental,A
335168,experimental,B
335198,control,B
335218,experimental,B
316266,control,B
335523,control,B
335828,control,A
335880,experimental,A
332799,control,A
336074,control,B
336077,experimental,A
336209,control,A
336288,control,A
336350,control,B
332570,control,A
336498,experimental,B
321488,experimental,B
336689,experimental,A
336504,experimental,A
336719,experimental,B
96398,control,B
336826,experimental,A
338558,control,A
338626,control,A
338743,control,B
336935,experimental,A
341546,experimental,A
342892,control,A
338790,experimental,B
343252,control,B
343315,experimental,A
344167,control,B
344258,experimental,A
344582,control,B
345247,experimental,B
345330,control,B
345458,control,B
345706,experimental,A
345703,experimental,A
334681,experimental,A
346043,experimental,B
347219,experimental,B
347465,experimental,B
348976,experimental,B
349013,control,A
349025,control,B
349328,experimental,A
349513,control,B
320768,control,A
349311,experimental,A
349965,control,A
350212,control,B
350480,control,A
350813,control,B
352213,control,B
350880,experimental,A
352550,control,A
352849,experimental,B
353244,experimental,B
353404,control,A
353694,experimental,B
353720,experimental,B
354088,experimental,B
336150,experimental,A
354255,experimental,B
354354,experimental,B
354375,control,B
354428,control,A
354519,control,A
354553,control,B
354743,experimental,A
353005,control,A
354241,control,A
355273,control,B
347187,experimental,B
355458,experimental,B
355474,control,A
333700,experimental,A
310857,experimental,A
355600,control,B
355794,experimental,A
355808,control,B
355439,control,A
355836,control,B
356118,experimental,B
355629,experimental,B
356314,experimental,B
347235,control,A
323703,experimental,B
356507,control,B
356563,control,B
356983,control,A
357007,experimental,B
356894,experimental,B
357098,control,B
357164,control,A
357364,control,A
36040,control,A
357413,control,A
354791,control,B
357516,control,A
357715,experimental,A
357906,control,B
357916,control,B
356747,control,B
358022,control,B
358032,experimental,A
357952,experimental,A
358066,control,B
358178,control,A
395190,experimental,B
396825,control,A
466967,control,B
467067,experimental,B
467864,control,A
468374,experimental,B
468786,experimental,A
